{
  "dur": {
    "mean": 1.0171770462321428,
    "std": 4.859198596863774
  },
  "sbytes": {
    "mean": 4105.702928571429,
    "std": 11347.952491960137
  },
  "dbytes": {
    "mean": 31049.46314285714,
    "std": 139990.00077832548
  },
  "rate": {
    "mean": 13799.31211808975,
    "std": 68030.7870336611
  },
  "sttl": {
    "mean": 75.44598214285715,
    "std": 89.95557262536227
  },
  "dttl": {
    "mean": 64.27630357142857,
    "std": 86.57369752277529
  },
  "sload": {
    "mean": 23170702.730774283,
    "std": 151426084.41664952
  },
  "dload": {
    "mean": 2062949.2436909152,
    "std": 3935181.6844754843
  },
  "sloss": {
    "mean": 5.014678571428571,
    "std": 7.948559993364347
  },
  "dloss": {
    "mean": 14.236928571428571,
    "std": 49.17948549368395
  },
  "spkts": {
    "mean": 30.725482142857143,
    "std": 57.34362880866635
  },
  "dpkts": {
    "mean": 38.057696428571425,
    "std": 105.77233237535292
  },
  "sinpkt": {
    "mean": 2847.8824668672682,
    "std": 12510.172937916075
  },
  "dinpkt": {
    "mean": 121.19667803255355,
    "std": 1527.0802571617612
  },
  "sjit": {
    "mean": 5440.295684464233,
    "std": 50340.35682547864
  },
  "djit": {
    "mean": 965.2151782503392,
    "std": 6208.805238279427
  },
  "swin": {
    "mean": 178.11255357142858,
    "std": 117.01485570940793
  },
  "stcpb": {
    "mean": 1473765351.397232,
    "std": 1431057260.8593278
  },
  "dtcpb": {
    "mean": 1463697455.0859642,
    "std": 1427220395.7706466
  },
  "dwin": {
    "mean": 174.218375,
    "std": 118.62920897938105
  },
  "tcprtt": {
    "mean": 0.03194473557142857,
    "std": 0.08905389830646446
  },
  "synack": {
    "mean": 0.01732686864285714,
    "std": 0.050982771059515035
  },
  "ackdat": {
    "mean": 0.01461786692857143,
    "std": 0.045276078347344345
  },
  "smean": {
    "mean": 139.978,
    "std": 187.62906133874128
  },
  "dmean": {
    "mean": 253.06739285714286,
    "std": 323.9975424195639
  },
  "trans_depth": {
    "mean": 0.09373214285714286,
    "std": 0.2956530296933159
  },
  "response_body_len": {
    "mean": 3834.699107142857,
    "std": 43613.09089286232
  },
  "ct_srv_src": {
    "mean": 5.727303571428571,
    "std": 5.909545324604819
  },
  "ct_state_ttl": {
    "mean": 0.4992857142857143,
    "std": 1.0095258030079148
  },
  "ct_dst_ltm": {
    "mean": 3.4915714285714285,
    "std": 3.3518012793610734
  },
  "ct_src_dport_ltm": {
    "mean": 1.7938035714285714,
    "std": 2.7310779198464767
  },
  "ct_dst_sport_ltm": {
    "mean": 1.1903035714285715,
    "std": 2.0093750576062455
  },
  "ct_dst_src_ltm": {
    "mean": 3.87,
    "std": 5.391341603507821
  },
  "is_ftp_login": {
    "mean": 0.01698214285714286,
    "std": 0.12948041648276787
  },
  "ct_flw_http_mthd": {
    "mean": 0.11689285714285715,
    "std": 0.4958545898090426
  },
  "ct_src_ltm": {
    "mean": 4.061857142857143,
    "std": 3.916001347167849
  },
  "ct_srv_dst": {
    "mean": 5.519696428571429,
    "std": 5.784385192110008
  },
  "is_sm_ips_ports": {
    "mean": 0.04932142857142857,
    "std": 0.21653827665127023
  }
}